policy_name,family,context_target,context_bucket,workload_tag,speedup_vs_gpu_only,oracle_gap_closed,oracle_regret,positive_recall,false_positive_rate,missed_positive_rate,switches_per_100,avg_consecutive_span,boundary_subset
gpu_only,gpt2,256,short,gpt2_ctx256,1.0,0.0,1.0,0.0,0.0,1.0,0.0,16.0,1
static_attention,gpt2,256,short,gpt2_ctx256,1.1211177557334981,0.5090260676583646,0.49097393234163544,0.5,0.0,0.5,0.0,16.0,1
context_threshold,gpt2,256,short,gpt2_ctx256,1.0,0.0,1.0,0.0,0.0,1.0,0.0,16.0,1
adaptive_feature,gpt2,256,short,gpt2_ctx256,1.0,0.0,1.0,0.0,0.0,1.0,0.0,16.0,1
kv_regime,gpt2,256,short,gpt2_ctx256,1.0,0.0,1.0,0.0,0.0,1.0,0.0,16.0,1
context_kv_refined,gpt2,256,short,gpt2_ctx256,1.0,0.0,1.0,0.0,0.0,1.0,0.0,16.0,1
context_kv_hysteresis,gpt2,256,short,gpt2_ctx256,1.0,0.0,1.0,0.0,0.0,1.0,0.0,16.0,1
gpu_only,gpt2,512,mid,gpt2_ctx512,1.0,0.0,1.0,0.0,0.0,1.0,0.0,16.0,1
static_attention,gpt2,512,mid,gpt2_ctx512,1.1423818180107528,0.5448345938773621,0.4551654061226379,0.5,0.0,0.5,0.0,16.0,1
context_threshold,gpt2,512,mid,gpt2_ctx512,1.1423818180107528,0.5448345938773621,0.4551654061226379,0.5,0.0,0.5,0.0,16.0,1
adaptive_feature,gpt2,512,mid,gpt2_ctx512,1.1412519635786793,0.5410462351471533,0.45895376485284667,0.46875,0.0,0.53125,12.5,5.333333333333333,1
kv_regime,gpt2,512,mid,gpt2_ctx512,1.0,0.0,1.0,0.0,0.0,1.0,0.0,16.0,1
context_kv_refined,gpt2,512,mid,gpt2_ctx512,1.0,0.0,1.0,0.0,0.0,1.0,0.0,16.0,1
context_kv_hysteresis,gpt2,512,mid,gpt2_ctx512,1.0,0.0,1.0,0.0,0.0,1.0,0.0,16.0,1
gpu_only,gpt2,768,long,gpt2_ctx768,1.0,0.0,1.0,0.0,0.0,1.0,0.0,16.0,0
static_attention,gpt2,768,long,gpt2_ctx768,1.1595543038919014,0.5660412256413467,0.43395877435865327,0.5,0.0,0.5,0.0,16.0,0
context_threshold,gpt2,768,long,gpt2_ctx768,1.1595543038919014,0.5660412256413467,0.43395877435865327,0.5,0.0,0.5,0.0,16.0,0
adaptive_feature,gpt2,768,long,gpt2_ctx768,1.1595543038919014,0.5660412256413467,0.43395877435865327,0.5,0.0,0.5,0.0,16.0,0
kv_regime,gpt2,768,long,gpt2_ctx768,1.1595543038919014,0.5660412256413467,0.43395877435865327,0.5,0.0,0.5,0.0,16.0,0
context_kv_refined,gpt2,768,long,gpt2_ctx768,1.0,0.0,1.0,0.0,0.0,1.0,0.0,16.0,0
context_kv_hysteresis,gpt2,768,long,gpt2_ctx768,1.0,0.0,1.0,0.0,0.0,1.0,0.0,16.0,0
gpu_only,opt-125m,256,short,opt125m_ctx256,1.0,0.0,1.0,0.0,0.0,1.0,0.0,16.0,1
static_attention,opt-125m,256,short,opt125m_ctx256,1.2498045883317133,0.8765384046593496,0.12346159534065038,0.5,0.0,0.5,0.0,16.0,1
context_threshold,opt-125m,256,short,opt125m_ctx256,1.0,0.0,1.0,0.0,0.0,1.0,0.0,16.0,1
adaptive_feature,opt-125m,256,short,opt125m_ctx256,1.0,0.0,1.0,0.0,0.0,1.0,0.0,16.0,1
kv_regime,opt-125m,256,short,opt125m_ctx256,1.0,0.0,1.0,0.0,0.0,1.0,0.0,16.0,1
context_kv_refined,opt-125m,256,short,opt125m_ctx256,1.0,0.0,1.0,0.0,0.0,1.0,0.0,16.0,1
context_kv_hysteresis,opt-125m,256,short,opt125m_ctx256,1.0,0.0,1.0,0.0,0.0,1.0,0.0,16.0,1
gpu_only,opt-125m,512,mid,opt125m_ctx512,1.0,0.0,1.0,0.0,0.0,1.0,0.0,16.0,0
static_attention,opt-125m,512,mid,opt125m_ctx512,1.2975217427852328,0.8889810922188249,0.11101890778117507,0.5,0.0,0.5,0.0,16.0,0
context_threshold,opt-125m,512,mid,opt125m_ctx512,1.2975217427852328,0.8889810922188249,0.11101890778117507,0.5,0.0,0.5,0.0,16.0,0
adaptive_feature,opt-125m,512,mid,opt125m_ctx512,1.2963533963342122,0.8862881809197003,0.1137118190802997,0.46875,0.0,0.53125,12.5,5.333333333333333,0
kv_regime,opt-125m,512,mid,opt125m_ctx512,1.0,0.0,1.0,0.0,0.0,1.0,0.0,16.0,0
context_kv_refined,opt-125m,512,mid,opt125m_ctx512,1.0,0.0,1.0,0.0,0.0,1.0,0.0,16.0,0
context_kv_hysteresis,opt-125m,512,mid,opt125m_ctx512,1.0,0.0,1.0,0.0,0.0,1.0,0.0,16.0,0
gpu_only,opt-125m,768,long,opt125m_ctx768,1.0,0.0,1.0,0.0,0.0,1.0,0.0,16.0,0
static_attention,opt-125m,768,long,opt125m_ctx768,1.3460232454120629,0.9002255786005017,0.09977442139949833,0.5,0.0,0.5,0.0,16.0,0
context_threshold,opt-125m,768,long,opt125m_ctx768,1.3460232454120629,0.9002255786005017,0.09977442139949833,0.5,0.0,0.5,0.0,16.0,0
adaptive_feature,opt-125m,768,long,opt125m_ctx768,1.3460232454120629,0.9002255786005017,0.09977442139949833,0.5,0.0,0.5,0.0,16.0,0
kv_regime,opt-125m,768,long,opt125m_ctx768,1.0,0.0,1.0,0.0,0.0,1.0,0.0,16.0,0
context_kv_refined,opt-125m,768,long,opt125m_ctx768,1.0,0.0,1.0,0.0,0.0,1.0,0.0,16.0,0
context_kv_hysteresis,opt-125m,768,long,opt125m_ctx768,1.0,0.0,1.0,0.0,0.0,1.0,0.0,16.0,0
gpu_only,Qwen2.5,128,short,qwen25_ctx128,1.0,0.0,1.0,0.0,0.0,1.0,0.0,16.0,1
static_attention,Qwen2.5,128,short,qwen25_ctx128,1.133145994857527,0.5693877897225469,0.4306122102774531,0.5,0.0,0.5,0.0,16.0,1
context_threshold,Qwen2.5,128,short,qwen25_ctx128,1.0,0.0,1.0,0.0,0.0,1.0,0.0,16.0,1
adaptive_feature,Qwen2.5,128,short,qwen25_ctx128,1.0,0.0,1.0,0.0,0.0,1.0,0.0,16.0,1
kv_regime,Qwen2.5,128,short,qwen25_ctx128,1.0,0.0,1.0,0.0,0.0,1.0,0.0,16.0,1
context_kv_refined,Qwen2.5,128,short,qwen25_ctx128,1.0,0.0,1.0,0.0,0.0,1.0,0.0,16.0,1
context_kv_hysteresis,Qwen2.5,128,short,qwen25_ctx128,1.0,0.0,1.0,0.0,0.0,1.0,0.0,16.0,1
gpu_only,Qwen2.5,256,short,qwen25_ctx256,1.0,0.0,1.0,0.0,0.0,1.0,0.0,16.0,1
static_attention,Qwen2.5,256,short,qwen25_ctx256,1.1437962794740237,0.5838582063931009,0.41614179360689907,0.5,0.0,0.5,0.0,16.0,1
context_threshold,Qwen2.5,256,short,qwen25_ctx256,1.0,0.0,1.0,0.0,0.0,1.0,0.0,16.0,1
adaptive_feature,Qwen2.5,256,short,qwen25_ctx256,1.0,0.0,1.0,0.0,0.0,1.0,0.0,16.0,1
kv_regime,Qwen2.5,256,short,qwen25_ctx256,1.0,0.0,1.0,0.0,0.0,1.0,0.0,16.0,1
context_kv_refined,Qwen2.5,256,short,qwen25_ctx256,1.0,0.0,1.0,0.0,0.0,1.0,0.0,16.0,1
context_kv_hysteresis,Qwen2.5,256,short,qwen25_ctx256,1.0,0.0,1.0,0.0,0.0,1.0,0.0,16.0,1
gpu_only,Qwen2.5,256,short,qwen25_ctx256_8bit,1.0,0.0,1.0,0.0,0.0,1.0,0.0,16.0,1
static_attention,Qwen2.5,256,short,qwen25_ctx256_8bit,1.155019198816258,0.6190348168914442,0.38096518310855576,0.5,0.0,0.5,0.0,16.0,1
context_threshold,Qwen2.5,256,short,qwen25_ctx256_8bit,1.0,0.0,1.0,0.0,0.0,1.0,0.0,16.0,1
adaptive_feature,Qwen2.5,256,short,qwen25_ctx256_8bit,1.0,0.0,1.0,0.0,0.0,1.0,0.0,16.0,1
kv_regime,Qwen2.5,256,short,qwen25_ctx256_8bit,1.0,0.0,1.0,0.0,0.0,1.0,0.0,16.0,1
context_kv_refined,Qwen2.5,256,short,qwen25_ctx256_8bit,1.0,0.0,1.0,0.0,0.0,1.0,0.0,16.0,1
context_kv_hysteresis,Qwen2.5,256,short,qwen25_ctx256_8bit,1.0,0.0,1.0,0.0,0.0,1.0,0.0,16.0,1
gpu_only,Qwen2.5,384,mid,qwen25_ctx384,1.0,0.0,1.0,0.0,0.0,1.0,0.0,16.0,1
static_attention,Qwen2.5,384,mid,qwen25_ctx384,1.1591394628641984,0.6066707901964435,0.39332920980355646,0.5,0.0,0.5,0.0,16.0,1
context_threshold,Qwen2.5,384,mid,qwen25_ctx384,1.1591394628641984,0.6066707901964435,0.39332920980355646,0.5,0.0,0.5,0.0,16.0,1
adaptive_feature,Qwen2.5,384,mid,qwen25_ctx384,1.1591394628641984,0.6066707901964435,0.39332920980355646,0.5,0.0,0.5,0.0,16.0,1
kv_regime,Qwen2.5,384,mid,qwen25_ctx384,1.0,0.0,1.0,0.0,0.0,1.0,0.0,16.0,1
context_kv_refined,Qwen2.5,384,mid,qwen25_ctx384,1.1591394628641984,0.6066707901964435,0.39332920980355646,0.5,0.0,0.5,0.0,16.0,1
context_kv_hysteresis,Qwen2.5,384,mid,qwen25_ctx384,1.1591394628641984,0.6066707901964435,0.39332920980355646,0.5,0.0,0.5,0.0,16.0,1
gpu_only,Qwen2.5,512,mid,qwen25_ctx512,1.0,0.0,1.0,0.0,0.0,1.0,0.0,16.0,0
static_attention,Qwen2.5,512,mid,qwen25_ctx512,1.16901930964399,0.6170809072310134,0.3829190927689866,0.5,0.0,0.5,0.0,16.0,0
context_threshold,Qwen2.5,512,mid,qwen25_ctx512,1.16901930964399,0.6170809072310134,0.3829190927689866,0.5,0.0,0.5,0.0,16.0,0
adaptive_feature,Qwen2.5,512,mid,qwen25_ctx512,1.16901930964399,0.6170809072310134,0.3829190927689866,0.5,0.0,0.5,0.0,16.0,0
kv_regime,Qwen2.5,512,mid,qwen25_ctx512,1.16901930964399,0.6170809072310134,0.3829190927689866,0.5,0.0,0.5,0.0,16.0,0
context_kv_refined,Qwen2.5,512,mid,qwen25_ctx512,1.16901930964399,0.6170809072310134,0.3829190927689866,0.5,0.0,0.5,0.0,16.0,0
context_kv_hysteresis,Qwen2.5,512,mid,qwen25_ctx512,1.16901930964399,0.6170809072310134,0.3829190927689866,0.5,0.0,0.5,0.0,16.0,0
gpu_only,Qwen2.5,640,long,qwen25_ctx640,1.0,0.0,1.0,0.0,0.0,1.0,0.0,16.0,0
static_attention,Qwen2.5,640,long,qwen25_ctx640,1.1819375787497242,0.630973223751561,0.36902677624843905,0.5,0.0,0.5,0.0,16.0,0
context_threshold,Qwen2.5,640,long,qwen25_ctx640,1.1819375787497242,0.630973223751561,0.36902677624843905,0.5,0.0,0.5,0.0,16.0,0
adaptive_feature,Qwen2.5,640,long,qwen25_ctx640,1.1819375787497242,0.630973223751561,0.36902677624843905,0.5,0.0,0.5,0.0,16.0,0
kv_regime,Qwen2.5,640,long,qwen25_ctx640,1.1819375787497242,0.630973223751561,0.36902677624843905,0.5,0.0,0.5,0.0,16.0,0
context_kv_refined,Qwen2.5,640,long,qwen25_ctx640,1.1819375787497242,0.630973223751561,0.36902677624843905,0.5,0.0,0.5,0.0,16.0,0
context_kv_hysteresis,Qwen2.5,640,long,qwen25_ctx640,1.1819375787497242,0.630973223751561,0.36902677624843905,0.5,0.0,0.5,0.0,16.0,0
gpu_only,Qwen2.5,768,long,qwen25_ctx768,1.0,0.0,1.0,0.0,0.0,1.0,0.0,16.0,0
static_attention,Qwen2.5,768,long,qwen25_ctx768,1.19499739487015,0.6473437309091945,0.3526562690908055,0.5,0.0,0.5,0.0,16.0,0
context_threshold,Qwen2.5,768,long,qwen25_ctx768,1.19499739487015,0.6473437309091945,0.3526562690908055,0.5,0.0,0.5,0.0,16.0,0
adaptive_feature,Qwen2.5,768,long,qwen25_ctx768,1.19499739487015,0.6473437309091945,0.3526562690908055,0.5,0.0,0.5,0.0,16.0,0
kv_regime,Qwen2.5,768,long,qwen25_ctx768,1.19499739487015,0.6473437309091945,0.3526562690908055,0.5,0.0,0.5,0.0,16.0,0
context_kv_refined,Qwen2.5,768,long,qwen25_ctx768,1.19499739487015,0.6473437309091945,0.3526562690908055,0.5,0.0,0.5,0.0,16.0,0
context_kv_hysteresis,Qwen2.5,768,long,qwen25_ctx768,1.19499739487015,0.6473437309091945,0.3526562690908055,0.5,0.0,0.5,0.0,16.0,0
gpu_only,Qwen2.5,768,long,qwen25_ctx768_8bit,1.0,0.0,1.0,0.0,0.0,1.0,0.0,16.0,0
static_attention,Qwen2.5,768,long,qwen25_ctx768_8bit,1.2078908993218067,0.6741594515314965,0.3258405484685035,0.5,0.0,0.5,0.0,16.0,0
context_threshold,Qwen2.5,768,long,qwen25_ctx768_8bit,1.2078908993218067,0.6741594515314965,0.3258405484685035,0.5,0.0,0.5,0.0,16.0,0
adaptive_feature,Qwen2.5,768,long,qwen25_ctx768_8bit,1.2078908993218067,0.6741594515314965,0.3258405484685035,0.5,0.0,0.5,0.0,16.0,0
kv_regime,Qwen2.5,768,long,qwen25_ctx768_8bit,1.2078908993218067,0.6741594515314965,0.3258405484685035,0.5,0.0,0.5,0.0,16.0,0
context_kv_refined,Qwen2.5,768,long,qwen25_ctx768_8bit,1.2078908993218067,0.6741594515314965,0.3258405484685035,0.5,0.0,0.5,0.0,16.0,0
context_kv_hysteresis,Qwen2.5,768,long,qwen25_ctx768_8bit,1.2078908993218067,0.6741594515314965,0.3258405484685035,0.5,0.0,0.5,0.0,16.0,0
gpu_only,Qwen2.5,1024,long,qwen25_ctx1024,1.0,0.0,1.0,0.0,0.0,1.0,0.0,16.0,0
static_attention,Qwen2.5,1024,long,qwen25_ctx1024,1.2153238646126878,0.6654230729773405,0.3345769270226595,0.5,0.0,0.5,0.0,16.0,0
context_threshold,Qwen2.5,1024,long,qwen25_ctx1024,1.2153238646126878,0.6654230729773405,0.3345769270226595,0.5,0.0,0.5,0.0,16.0,0
adaptive_feature,Qwen2.5,1024,long,qwen25_ctx1024,1.2153238646126878,0.6654230729773405,0.3345769270226595,0.5,0.0,0.5,0.0,16.0,0
kv_regime,Qwen2.5,1024,long,qwen25_ctx1024,1.2153238646126878,0.6654230729773405,0.3345769270226595,0.5,0.0,0.5,0.0,16.0,0
context_kv_refined,Qwen2.5,1024,long,qwen25_ctx1024,1.2153238646126878,0.6654230729773405,0.3345769270226595,0.5,0.0,0.5,0.0,16.0,0
context_kv_hysteresis,Qwen2.5,1024,long,qwen25_ctx1024,1.2153238646126878,0.6654230729773405,0.3345769270226595,0.5,0.0,0.5,0.0,16.0,0
gpu_only,Qwen3,128,short,qwen3_ctx128,1.0,0.0,1.0,0.0,0.0,1.0,0.0,16.0,1
static_attention,Qwen3,128,short,qwen3_ctx128,1.1463085845253962,0.6151631070901636,0.38483689290983636,0.5,0.0,0.5,0.0,16.0,1
context_threshold,Qwen3,128,short,qwen3_ctx128,1.0,0.0,1.0,0.0,0.0,1.0,0.0,16.0,1
adaptive_feature,Qwen3,128,short,qwen3_ctx128,1.0,0.0,1.0,0.0,0.0,1.0,0.0,16.0,1
kv_regime,Qwen3,128,short,qwen3_ctx128,1.0,0.0,1.0,0.0,0.0,1.0,0.0,16.0,1
context_kv_refined,Qwen3,128,short,qwen3_ctx128,1.0,0.0,1.0,0.0,0.0,1.0,0.0,16.0,1
context_kv_hysteresis,Qwen3,128,short,qwen3_ctx128,1.0,0.0,1.0,0.0,0.0,1.0,0.0,16.0,1
gpu_only,Qwen3,256,short,qwen3_ctx256,1.0,0.0,1.0,0.0,0.0,1.0,0.0,16.0,1
static_attention,Qwen3,256,short,qwen3_ctx256,1.1550098497690706,0.6189991914644501,0.38100080853554985,0.5,0.0,0.5,0.0,16.0,1
context_threshold,Qwen3,256,short,qwen3_ctx256,1.0,0.0,1.0,0.0,0.0,1.0,0.0,16.0,1
adaptive_feature,Qwen3,256,short,qwen3_ctx256,1.0,0.0,1.0,0.0,0.0,1.0,0.0,16.0,1
kv_regime,Qwen3,256,short,qwen3_ctx256,1.1550098497690706,0.6189991914644501,0.38100080853554985,0.5,0.0,0.5,0.0,16.0,1
context_kv_refined,Qwen3,256,short,qwen3_ctx256,1.1169653516844895,0.48298540100525295,0.517014598994747,0.40625,0.0,0.59375,6.25,8.0,1
context_kv_hysteresis,Qwen3,256,short,qwen3_ctx256,1.1169653516844895,0.48298540100525295,0.517014598994747,0.40625,0.0,0.59375,6.25,8.0,1
gpu_only,Qwen3,384,mid,qwen3_ctx384,1.0,0.0,1.0,0.0,0.0,1.0,0.0,16.0,1
static_attention,Qwen3,384,mid,qwen3_ctx384,1.1669497364691876,0.6283445286440879,0.37165547135591215,0.5,0.0,0.5,0.0,16.0,1
context_threshold,Qwen3,384,mid,qwen3_ctx384,1.1669497364691876,0.6283445286440879,0.37165547135591215,0.5,0.0,0.5,0.0,16.0,1
adaptive_feature,Qwen3,384,mid,qwen3_ctx384,1.1669497364691876,0.6283445286440879,0.37165547135591215,0.5,0.0,0.5,0.0,16.0,1
kv_regime,Qwen3,384,mid,qwen3_ctx384,1.1669497364691876,0.6283445286440879,0.37165547135591215,0.5,0.0,0.5,0.0,16.0,1
context_kv_refined,Qwen3,384,mid,qwen3_ctx384,1.1669497364691876,0.6283445286440879,0.37165547135591215,0.5,0.0,0.5,0.0,16.0,1
context_kv_hysteresis,Qwen3,384,mid,qwen3_ctx384,1.1669497364691876,0.6283445286440879,0.37165547135591215,0.5,0.0,0.5,0.0,16.0,1
gpu_only,Qwen3,512,mid,qwen3_ctx512,1.0,0.0,1.0,0.0,0.0,1.0,0.0,16.0,0
static_attention,Qwen3,512,mid,qwen3_ctx512,1.1748092160909491,0.6318507976761053,0.3681492023238947,0.5,0.0,0.5,0.0,16.0,0
context_threshold,Qwen3,512,mid,qwen3_ctx512,1.1748092160909491,0.6318507976761053,0.3681492023238947,0.5,0.0,0.5,0.0,16.0,0
adaptive_feature,Qwen3,512,mid,qwen3_ctx512,1.1748092160909491,0.6318507976761053,0.3681492023238947,0.5,0.0,0.5,0.0,16.0,0
kv_regime,Qwen3,512,mid,qwen3_ctx512,1.1748092160909491,0.6318507976761053,0.3681492023238947,0.5,0.0,0.5,0.0,16.0,0
context_kv_refined,Qwen3,512,mid,qwen3_ctx512,1.1748092160909491,0.6318507976761053,0.3681492023238947,0.5,0.0,0.5,0.0,16.0,0
context_kv_hysteresis,Qwen3,512,mid,qwen3_ctx512,1.1748092160909491,0.6318507976761053,0.3681492023238947,0.5,0.0,0.5,0.0,16.0,0
gpu_only,Qwen3,640,long,qwen3_ctx640,1.0,0.0,1.0,0.0,0.0,1.0,0.0,16.0,0
static_attention,Qwen3,640,long,qwen3_ctx640,1.1723084360605804,0.6082820456986427,0.39171795430135725,0.5,0.0,0.5,0.0,16.0,0
context_threshold,Qwen3,640,long,qwen3_ctx640,1.1723084360605804,0.6082820456986427,0.39171795430135725,0.5,0.0,0.5,0.0,16.0,0
adaptive_feature,Qwen3,640,long,qwen3_ctx640,1.1723084360605804,0.6082820456986427,0.39171795430135725,0.5,0.0,0.5,0.0,16.0,0
kv_regime,Qwen3,640,long,qwen3_ctx640,1.1723084360605804,0.6082820456986427,0.39171795430135725,0.5,0.0,0.5,0.0,16.0,0
context_kv_refined,Qwen3,640,long,qwen3_ctx640,1.1723084360605804,0.6082820456986427,0.39171795430135725,0.5,0.0,0.5,0.0,16.0,0
context_kv_hysteresis,Qwen3,640,long,qwen3_ctx640,1.1723084360605804,0.6082820456986427,0.39171795430135725,0.5,0.0,0.5,0.0,16.0,0
gpu_only,Qwen3,768,long,qwen3_ctx768,1.0,0.0,1.0,0.0,0.0,1.0,0.0,16.0,0
static_attention,Qwen3,768,long,qwen3_ctx768,1.1937455328608504,0.6446360155543845,0.35536398444561546,0.5,0.0,0.5,0.0,16.0,0
context_threshold,Qwen3,768,long,qwen3_ctx768,1.1937455328608504,0.6446360155543845,0.35536398444561546,0.5,0.0,0.5,0.0,16.0,0
adaptive_feature,Qwen3,768,long,qwen3_ctx768,1.1937455328608504,0.6446360155543845,0.35536398444561546,0.5,0.0,0.5,0.0,16.0,0
kv_regime,Qwen3,768,long,qwen3_ctx768,1.1937455328608504,0.6446360155543845,0.35536398444561546,0.5,0.0,0.5,0.0,16.0,0
context_kv_refined,Qwen3,768,long,qwen3_ctx768,1.1937455328608504,0.6446360155543845,0.35536398444561546,0.5,0.0,0.5,0.0,16.0,0
context_kv_hysteresis,Qwen3,768,long,qwen3_ctx768,1.1937455328608504,0.6446360155543845,0.35536398444561546,0.5,0.0,0.5,0.0,16.0,0
gpu_only,Qwen3,1024,long,qwen3_ctx1024,1.0,0.0,1.0,0.0,0.0,1.0,0.0,16.0,0
static_attention,Qwen3,1024,long,qwen3_ctx1024,1.2067827378335225,0.6493064334795615,0.3506935665204385,0.5,0.0,0.5,0.0,16.0,0
context_threshold,Qwen3,1024,long,qwen3_ctx1024,1.2067827378335225,0.6493064334795615,0.3506935665204385,0.5,0.0,0.5,0.0,16.0,0
adaptive_feature,Qwen3,1024,long,qwen3_ctx1024,1.2067827378335225,0.6493064334795615,0.3506935665204385,0.5,0.0,0.5,0.0,16.0,0
kv_regime,Qwen3,1024,long,qwen3_ctx1024,1.2067827378335225,0.6493064334795615,0.3506935665204385,0.5,0.0,0.5,0.0,16.0,0
context_kv_refined,Qwen3,1024,long,qwen3_ctx1024,1.2067827378335225,0.6493064334795615,0.3506935665204385,0.5,0.0,0.5,0.0,16.0,0
context_kv_hysteresis,Qwen3,1024,long,qwen3_ctx1024,1.2067827378335225,0.6493064334795615,0.3506935665204385,0.5,0.0,0.5,0.0,16.0,0
gpu_only,SmolLM2,128,short,smollm2_ctx128,1.0,0.0,1.0,0.0,0.0,1.0,0.0,16.0,1
static_attention,SmolLM2,128,short,smollm2_ctx128,1.1317557860787415,0.5670517362464897,0.43294826375351025,0.5,0.0,0.5,0.0,16.0,1
context_threshold,SmolLM2,128,short,smollm2_ctx128,1.0,0.0,1.0,0.0,0.0,1.0,0.0,16.0,1
adaptive_feature,SmolLM2,128,short,smollm2_ctx128,1.0,0.0,1.0,0.0,0.0,1.0,0.0,16.0,1
kv_regime,SmolLM2,128,short,smollm2_ctx128,1.0,0.0,1.0,0.0,0.0,1.0,0.0,16.0,1
context_kv_refined,SmolLM2,128,short,smollm2_ctx128,1.0,0.0,1.0,0.0,0.0,1.0,0.0,16.0,1
context_kv_hysteresis,SmolLM2,128,short,smollm2_ctx128,1.0,0.0,1.0,0.0,0.0,1.0,0.0,16.0,1
gpu_only,SmolLM2,256,short,smollm2_ctx256,1.0,0.0,1.0,0.0,0.0,1.0,0.0,16.0,1
static_attention,SmolLM2,256,short,smollm2_ctx256,1.1503218878773758,0.6045255370708188,0.3954744629291812,0.5,0.0,0.5,0.0,16.0,1
context_threshold,SmolLM2,256,short,smollm2_ctx256,1.0,0.0,1.0,0.0,0.0,1.0,0.0,16.0,1
adaptive_feature,SmolLM2,256,short,smollm2_ctx256,1.0,0.0,1.0,0.0,0.0,1.0,0.0,16.0,1
kv_regime,SmolLM2,256,short,smollm2_ctx256,1.1503218878773758,0.6045255370708188,0.3954744629291812,0.5,0.0,0.5,0.0,16.0,1
context_kv_refined,SmolLM2,256,short,smollm2_ctx256,1.0,0.0,1.0,0.0,0.0,1.0,0.0,16.0,1
context_kv_hysteresis,SmolLM2,256,short,smollm2_ctx256,1.0,0.0,1.0,0.0,0.0,1.0,0.0,16.0,1
gpu_only,SmolLM2,256,short,smollm2_ctx256_8bit,1.0,0.0,1.0,0.0,0.0,1.0,0.0,16.0,1
static_attention,SmolLM2,256,short,smollm2_ctx256_8bit,1.1510302274131887,0.6061297101322272,0.39387028986777284,0.5,0.0,0.5,0.0,16.0,1
context_threshold,SmolLM2,256,short,smollm2_ctx256_8bit,1.0,0.0,1.0,0.0,0.0,1.0,0.0,16.0,1
adaptive_feature,SmolLM2,256,short,smollm2_ctx256_8bit,1.0,0.0,1.0,0.0,0.0,1.0,0.0,16.0,1
kv_regime,SmolLM2,256,short,smollm2_ctx256_8bit,1.1510302274131887,0.6061297101322272,0.39387028986777284,0.5,0.0,0.5,0.0,16.0,1
context_kv_refined,SmolLM2,256,short,smollm2_ctx256_8bit,1.0,0.0,1.0,0.0,0.0,1.0,0.0,16.0,1
context_kv_hysteresis,SmolLM2,256,short,smollm2_ctx256_8bit,1.0,0.0,1.0,0.0,0.0,1.0,0.0,16.0,1
gpu_only,SmolLM2,384,mid,smollm2_ctx384,1.0,0.0,1.0,0.0,0.0,1.0,0.0,16.0,1
static_attention,SmolLM2,384,mid,smollm2_ctx384,1.1579977665382952,0.6050032080782065,0.3949967919217935,0.5,0.0,0.5,0.0,16.0,1
context_threshold,SmolLM2,384,mid,smollm2_ctx384,1.1579977665382952,0.6050032080782065,0.3949967919217935,0.5,0.0,0.5,0.0,16.0,1
adaptive_feature,SmolLM2,384,mid,smollm2_ctx384,1.1579977665382952,0.6050032080782065,0.3949967919217935,0.5,0.0,0.5,0.0,16.0,1
kv_regime,SmolLM2,384,mid,smollm2_ctx384,1.1579977665382952,0.6050032080782065,0.3949967919217935,0.5,0.0,0.5,0.0,16.0,1
context_kv_refined,SmolLM2,384,mid,smollm2_ctx384,1.1579977665382952,0.6050032080782065,0.3949967919217935,0.5,0.0,0.5,0.0,16.0,1
context_kv_hysteresis,SmolLM2,384,mid,smollm2_ctx384,1.1579977665382952,0.6050032080782065,0.3949967919217935,0.5,0.0,0.5,0.0,16.0,1
gpu_only,SmolLM2,512,mid,smollm2_ctx512,1.0,0.0,1.0,0.0,0.0,1.0,0.0,16.0,0
static_attention,SmolLM2,512,mid,smollm2_ctx512,1.170228322802855,0.6194426452979624,0.38055735470203755,0.5,0.0,0.5,0.0,16.0,0
context_threshold,SmolLM2,512,mid,smollm2_ctx512,1.170228322802855,0.6194426452979624,0.38055735470203755,0.5,0.0,0.5,0.0,16.0,0
adaptive_feature,SmolLM2,512,mid,smollm2_ctx512,1.170228322802855,0.6194426452979624,0.38055735470203755,0.5,0.0,0.5,0.0,16.0,0
kv_regime,SmolLM2,512,mid,smollm2_ctx512,1.170228322802855,0.6194426452979624,0.38055735470203755,0.5,0.0,0.5,0.0,16.0,0
context_kv_refined,SmolLM2,512,mid,smollm2_ctx512,1.170228322802855,0.6194426452979624,0.38055735470203755,0.5,0.0,0.5,0.0,16.0,0
context_kv_hysteresis,SmolLM2,512,mid,smollm2_ctx512,1.170228322802855,0.6194426452979624,0.38055735470203755,0.5,0.0,0.5,0.0,16.0,0
gpu_only,SmolLM2,640,long,smollm2_ctx640,1.0,0.0,1.0,0.0,0.0,1.0,0.0,16.0,0
static_attention,SmolLM2,640,long,smollm2_ctx640,1.185169205477684,0.6393243297132191,0.36067567028678094,0.5,0.0,0.5,0.0,16.0,0
context_threshold,SmolLM2,640,long,smollm2_ctx640,1.185169205477684,0.6393243297132191,0.36067567028678094,0.5,0.0,0.5,0.0,16.0,0
adaptive_feature,SmolLM2,640,long,smollm2_ctx640,1.185169205477684,0.6393243297132191,0.36067567028678094,0.5,0.0,0.5,0.0,16.0,0
kv_regime,SmolLM2,640,long,smollm2_ctx640,1.185169205477684,0.6393243297132191,0.36067567028678094,0.5,0.0,0.5,0.0,16.0,0
context_kv_refined,SmolLM2,640,long,smollm2_ctx640,1.185169205477684,0.6393243297132191,0.36067567028678094,0.5,0.0,0.5,0.0,16.0,0
context_kv_hysteresis,SmolLM2,640,long,smollm2_ctx640,1.185169205477684,0.6393243297132191,0.36067567028678094,0.5,0.0,0.5,0.0,16.0,0
gpu_only,SmolLM2,768,long,smollm2_ctx768,1.0,0.0,1.0,0.0,0.0,1.0,0.0,16.0,0
static_attention,SmolLM2,768,long,smollm2_ctx768,1.1984305167202132,0.6537136422928377,0.3462863577071623,0.5,0.0,0.5,0.0,16.0,0
context_threshold,SmolLM2,768,long,smollm2_ctx768,1.1984305167202132,0.6537136422928377,0.3462863577071623,0.5,0.0,0.5,0.0,16.0,0
adaptive_feature,SmolLM2,768,long,smollm2_ctx768,1.1984305167202132,0.6537136422928377,0.3462863577071623,0.5,0.0,0.5,0.0,16.0,0
kv_regime,SmolLM2,768,long,smollm2_ctx768,1.1984305167202132,0.6537136422928377,0.3462863577071623,0.5,0.0,0.5,0.0,16.0,0
context_kv_refined,SmolLM2,768,long,smollm2_ctx768,1.1984305167202132,0.6537136422928377,0.3462863577071623,0.5,0.0,0.5,0.0,16.0,0
context_kv_hysteresis,SmolLM2,768,long,smollm2_ctx768,1.1984305167202132,0.6537136422928377,0.3462863577071623,0.5,0.0,0.5,0.0,16.0,0
gpu_only,SmolLM2,768,long,smollm2_ctx768_8bit,1.0,0.0,1.0,0.0,0.0,1.0,0.0,16.0,0
static_attention,SmolLM2,768,long,smollm2_ctx768_8bit,1.213769840950497,0.684982592397255,0.315017407602745,0.5,0.0,0.5,0.0,16.0,0
context_threshold,SmolLM2,768,long,smollm2_ctx768_8bit,1.213769840950497,0.684982592397255,0.315017407602745,0.5,0.0,0.5,0.0,16.0,0
adaptive_feature,SmolLM2,768,long,smollm2_ctx768_8bit,1.213769840950497,0.684982592397255,0.315017407602745,0.5,0.0,0.5,0.0,16.0,0
kv_regime,SmolLM2,768,long,smollm2_ctx768_8bit,1.213769840950497,0.684982592397255,0.315017407602745,0.5,0.0,0.5,0.0,16.0,0
context_kv_refined,SmolLM2,768,long,smollm2_ctx768_8bit,1.213769840950497,0.684982592397255,0.315017407602745,0.5,0.0,0.5,0.0,16.0,0
context_kv_hysteresis,SmolLM2,768,long,smollm2_ctx768_8bit,1.213769840950497,0.684982592397255,0.315017407602745,0.5,0.0,0.5,0.0,16.0,0
gpu_only,SmolLM2,1024,long,smollm2_ctx1024,1.0,0.0,1.0,0.0,0.0,1.0,0.0,16.0,0
static_attention,SmolLM2,1024,long,smollm2_ctx1024,1.22177904240698,0.6772644781976439,0.3227355218023561,0.5,0.0,0.5,0.0,16.0,0
context_threshold,SmolLM2,1024,long,smollm2_ctx1024,1.22177904240698,0.6772644781976439,0.3227355218023561,0.5,0.0,0.5,0.0,16.0,0
adaptive_feature,SmolLM2,1024,long,smollm2_ctx1024,1.22177904240698,0.6772644781976439,0.3227355218023561,0.5,0.0,0.5,0.0,16.0,0
kv_regime,SmolLM2,1024,long,smollm2_ctx1024,1.22177904240698,0.6772644781976439,0.3227355218023561,0.5,0.0,0.5,0.0,16.0,0
context_kv_refined,SmolLM2,1024,long,smollm2_ctx1024,1.22177904240698,0.6772644781976439,0.3227355218023561,0.5,0.0,0.5,0.0,16.0,0
context_kv_hysteresis,SmolLM2,1024,long,smollm2_ctx1024,1.22177904240698,0.6772644781976439,0.3227355218023561,0.5,0.0,0.5,0.0,16.0,0
gpu_only,Phi-3.5,256,short,phi35_ctx256,1.0,0.0,1.0,0.0,0.0,1.0,0.0,16.0,1
static_attention,Phi-3.5,256,short,phi35_ctx256,1.140216213984865,0.568258854068474,0.431741145931526,0.5,0.0,0.5,0.0,16.0,1
context_threshold,Phi-3.5,256,short,phi35_ctx256,1.0,0.0,1.0,0.0,0.0,1.0,0.0,16.0,1
adaptive_feature,Phi-3.5,256,short,phi35_ctx256,1.0,0.0,1.0,0.0,0.0,1.0,0.0,16.0,1
kv_regime,Phi-3.5,256,short,phi35_ctx256,1.140216213984865,0.568258854068474,0.431741145931526,0.5,0.0,0.5,0.0,16.0,1
context_kv_refined,Phi-3.5,256,short,phi35_ctx256,1.140216213984865,0.568258854068474,0.431741145931526,0.5,0.0,0.5,0.0,16.0,1
context_kv_hysteresis,Phi-3.5,256,short,phi35_ctx256,1.140216213984865,0.568258854068474,0.431741145931526,0.5,0.0,0.5,0.0,16.0,1
gpu_only,Phi-3.5,384,mid,phi35_ctx384,1.0,0.0,1.0,0.0,0.0,1.0,0.0,16.0,1
static_attention,Phi-3.5,384,mid,phi35_ctx384,1.181365591315265,0.6700292865371248,0.3299707134628752,0.5,0.0,0.5,0.0,16.0,1
context_threshold,Phi-3.5,384,mid,phi35_ctx384,1.181365591315265,0.6700292865371248,0.3299707134628752,0.5,0.0,0.5,0.0,16.0,1
adaptive_feature,Phi-3.5,384,mid,phi35_ctx384,1.181365591315265,0.6700292865371248,0.3299707134628752,0.5,0.0,0.5,0.0,16.0,1
kv_regime,Phi-3.5,384,mid,phi35_ctx384,1.181365591315265,0.6700292865371248,0.3299707134628752,0.5,0.0,0.5,0.0,16.0,1
context_kv_refined,Phi-3.5,384,mid,phi35_ctx384,1.181365591315265,0.6700292865371248,0.3299707134628752,0.5,0.0,0.5,0.0,16.0,1
context_kv_hysteresis,Phi-3.5,384,mid,phi35_ctx384,1.181365591315265,0.6700292865371248,0.3299707134628752,0.5,0.0,0.5,0.0,16.0,1
gpu_only,Phi-3.5,768,long,phi35_ctx768,1.0,0.0,1.0,0.0,0.0,1.0,0.0,16.0,0
static_attention,Phi-3.5,768,long,phi35_ctx768,1.1751167830166351,0.6025370483393797,0.3974629516606203,0.5,0.0,0.5,0.0,16.0,0
context_threshold,Phi-3.5,768,long,phi35_ctx768,1.1751167830166351,0.6025370483393797,0.3974629516606203,0.5,0.0,0.5,0.0,16.0,0
adaptive_feature,Phi-3.5,768,long,phi35_ctx768,1.1751167830166351,0.6025370483393797,0.3974629516606203,0.5,0.0,0.5,0.0,16.0,0
kv_regime,Phi-3.5,768,long,phi35_ctx768,1.1751167830166351,0.6025370483393797,0.3974629516606203,0.5,0.0,0.5,0.0,16.0,0
context_kv_refined,Phi-3.5,768,long,phi35_ctx768,1.1751167830166351,0.6025370483393797,0.3974629516606203,0.5,0.0,0.5,0.0,16.0,0
context_kv_hysteresis,Phi-3.5,768,long,phi35_ctx768,1.1751167830166351,0.6025370483393797,0.3974629516606203,0.5,0.0,0.5,0.0,16.0,0
